,0
0,"Aberdeen, MD"
1,"Aberdeen, SD"
2,"Aberdeen, WA"
3,"Abilene, TX"
4,"Ada, OK"
5,"Addison, IL"
6,"Addison, TX"
7,"Adelanto, CA"
8,"Adrian, MI"
9,"Agawam, MA"
10,"Agoura Hills, CA"
11,"Ahwatukee, AZ"
12,"Aiken, SC"
13,"Akron, OH"
14,"Alameda, CA"
15,"Alamogordo, NM"
16,"Albany, GA"
17,"Albany, NY"
18,"Albany, OR"
19,"Albemarle, NC"
20,"Albert Lea, MN"
21,"Albuquerque, NM"
22,"Alcoa, TN"
23,"Alexandria, LA"
24,"Alexandria, VA"
25,"Alice, TX"
26,"Allen Park, MI"
27,"Allentown, PA"
28,"Allen, TX"
29,"Alliance, OH"
30,"Alma, MI"
31,"Alpena, MI"
32,"Alpharetta, GA"
33,"Altamont, OR"
34,"Alton, IL"
35,"Altoona, PA"
36,"Altus, OK"
37,"Amarillo, TX"
38,"American Canyon, CA"
39,"American Fork, UT"
40,"Americus, GA"
41,"Ames, IA"
42,"Amherst, MA"
43,"Amsterdam, NY"
44,"Anchorage, AK"
45,"Anderson, IN"
46,"Anderson, SC"
47,"Andover, CT"
48,"Andover, MA"
49,"Angleton, TX"
50,"Anna Maria, FL"
51,"Annapolis Junction, MD"
52,"Annapolis, MD"
53,"Ann Arbor, MI"
54,"Ansonia, CT"
55,"Antelope, CA"
56,"Anthem, AZ"
57,"Antioch, CA"
58,"Antioch, TN"
59,"Apache Junction, AZ"
60,"Apopka, FL"
61,"Appleton, WI"
62,"Apple Valley, CA"
63,"Apple Valley, MN"
64,"Arcata, CA"
65,"Ardmore, OK"
66,"Arlington Heights, IL"
67,"Arlington, TX"
68,"Arlington, VA"
69,"Arvin, CA"
70,"Asbury Park, NJ"
71,"Ashburn, VA"
72,"Asheboro, NC"
73,"Asheville, NC"
74,"Ashford, CT"
75,"Ashland, OH"
76,"Ashland, OR"
77,"Ashland, VA"
78,"Ashtabula, OH"
79,"Aspen, CO"
80,"Astoria, NY"
81,"Atascadero, CA"
82,"Atascocita, TX"
83,"Athens, GA"
84,"Athens, OH"
85,"Atlanta, GA"
86,"Atlanta, IL"
87,"Atlantic City, NJ"
88,"Attleboro, MA"
89,"Atwater, CA"
90,"Auburn, AL"
91,"Auburn Hills, MI"
92,"Auburn, MA"
93,"Auburn, ME"
94,"Auburn, NY"
95,"Auburn, WA"
96,"Augusta, GA"
97,"Aurora, CO"
98,"Aurora, IL"
99,"Austin, MN"
100,"Austin, TX"
101,"Aventura, FL"
102,"Avon, CT"
103,"Avon, IN"
104,"Avon, MA"
105,"Avon, OH"
106,"Bad Axe, MI"
107,"Badger, AK"
108,"Bakersfield, CA"
109,"Baltimore, MD"
110,"Banning, CA"
111,"Barkhamsted, CT"
112,"Barrington, RI"
113,"Barstow, CA"
114,"Barstow Heights, CA"
115,"Bartlesville, OK"
116,"Basking Ridge, NJ"
117,"Batavia, NY"
118,"Bath, ME"
119,"Baton Rouge, LA"
120,"Battle Creek, MI"
121,"Battle Ground, WA"
122,"Bay City, MI"
123,"Bayou Cane, LA"
124,"Bayside, CA"
125,"Baytown, TX"
126,"Beachwood, OH"
127,"Beacon Falls, CT"
128,"Beaumont, CA"
129,"Beaumont, TX"
130,"Beaver Creek, CO"
131,"Beaver Dam, WI"
132,"Beaverton, MI"
133,"Beaverton, OR"
134,"Bedford, MA"
135,"Bedford, NH"
136,"Bedminster, NJ"
137,"Bel Air North, MD"
138,"Belleair Bluffs, FL"
139,"Belle Glade, FL"
140,"Belle Mead, NJ"
141,"Belleville, IL"
142,"Belleville, MI"
143,"Bellevue, NE"
144,"Bellevue, WA"
145,"Bellingham, MA"
146,"Bellingham, WA"
147,"Belmont, CA"
148,"Belmont, MI"
149,"Beloit, WI"
150,"Belvidere, IL"
151,"Bemidji, MN"
152,"Bend, OR"
153,"Benton, AR"
154,"Bentonville, AR"
155,"Berkeley, CA"
156,"Berkeley Heights, NJ"
157,"Berlin, CT"
158,"Berlin, DE"
159,"Berwyn, PA"
160,"Bethany, CT"
161,"Bethel, CT"
162,"Bethesda, MD"
163,"Bethlehem, CT"
164,"Bethlehem, PA"
165,"Bettendorf, IA"
166,"Beverly Hills, CA"
167,"Biddeford, ME"
168,"Big Spring, TX"
169,"Billerica, MA"
170,"Billingsley, AL"
171,"Billings, MT"
172,"Biloxi, MS"
173,"Binghamton, NY"
174,"Birmingham, AL"
175,"Birmingham, MI"
176,"Bismarck, ND"
177,"Bixby, OK"
178,"Blaine, MN"
179,"Bloomfield, CT"
180,"Bloomfield Hills, MI"
181,"Bloomfield, NJ"
182,"Bloomington, IL"
183,"Bloomington, IN"
184,"Bloomington, MN"
185,"Blountville, TN"
186,"Blue Ash, OH"
187,"Bluffton, SC"
188,"Blythe, CA"
189,"Boardman, OH"
190,"Boca Raton, FL"
191,"Boise, ID"
192,"Bolingbrook, IL"
193,"Bolton, CT"
194,"Bonita Springs, FL"
195,"Bonney Lake, WA"
196,"Boone, NC"
197,"Boonton Township, NJ"
198,"Bordentown, NJ"
199,"Bossier City, LA"
200,"Bostonia, CA"
201,"Boston, MA"
202,"Boston, NY"
203,"Bothell, WA"
204,"Boulder City, NV"
205,"Boulder, CO"
206,"Bourbonnais, IL"
207,"Bowling Green, KY"
208,"Bowling Green, OH"
209,"Boxborough, MA"
210,"Boynton Beach, FL"
211,"Bozeman, MT"
212,"Bozrah, CT"
213,"Bradenton, FL"
214,"Bradley, IL"
215,"Braintree, MA"
216,"Branchburg, NJ"
217,"Brandon, FL"
218,"Brandywine, MD"
219,"Branford, CT"
220,"Branson, MO"
221,"Brawley, CA"
222,"Bremerton, WA"
223,"Brenham, TX"
224,"Brentwood, CA"
225,"Brentwood, TN"
226,"Brewer, ME"
227,"Bridgeport, CT"
228,"Bridgeton, NJ"
229,"Bridgewater, CT"
230,"Bridgewater, MA"
231,"Bridgewater, NJ"
232,"Brigham City, UT"
233,"Brighton, CO"
234,"Brighton, MI"
235,"Bristol, CT"
236,"Bristol, TN"
237,"Broken Arrow, OK"
238,"Brookfield, CT"
239,"Brookfield, WI"
240,"Brookings, SD"
241,"Brooklyn, CT"
242,"Brooklyn, NY"
243,"Brooklyn Park, MN"
244,"Broomall, PA"
245,"Broomfield, CO"
246,"Brownsburg, IN"
247,"Brownstown Township, MI"
248,"Brownsville, TX"
249,"Brownwood, TX"
250,"Brunswick, GA"
251,"Brunswick, OH"
252,"Brushy Creek, TX"
253,"Bryant, AR"
254,"Buckeye, AZ"
255,"Buckhead, GA"
256,"Buena, NJ"
257,"Buenaventura Lakes, FL"
258,"Buffalo Grove, IL"
259,"Buffalo, MN"
260,"Buffalo, NY"
261,"Buford, GA"
262,"Bullhead City, AZ"
263,"Burbank, CA"
264,"Burlington, CT"
265,"Burlington, IA"
266,"Burlington, KY"
267,"Burlington, MA"
268,"Burlington, NC"
269,"Burlington, VT"
270,"Burlington, WA"
271,"Burlington, WI"
272,"Burnsville, MN"
273,"Butte, MT"
274,"Butte-Silver Bow (Balance), MT"
275,"Byron Center, MI"
276,"Cabazon, CA"
277,"Cabot, AR"
278,"Cadillac, MI"
279,"Caldwell, ID"
280,"Caledonia, MI"
281,"Calexico, CA"
282,"Calhoun, GA"
283,"California, MD"
284,"Calumet City, IL"
285,"Camarillo, CA"
286,"Camas, WA"
287,"Cambridge, MA"
288,"Cambridge, ON"
289,"Camden, AR"
290,"Camden, NJ"
291,"Cameron Park, CA"
292,"Campbell, CA"
293,"Canaan, CT"
294,"Cañon City, CO"
295,"Canterbury, CT"
296,"Canton, CT"
297,"Canton, GA"
298,"Cantonment, FL"
299,"Canton, MI"
300,"Canton, OH"
301,"Canyon Lake, TX"
302,"Cape Girardeau, MO"
303,"Capitol Heights, MD"
304,"Carbondale, IL"
305,"Carleton, MI"
306,"Carlisle, PA"
307,"Carlsbad, CA"
308,"Carlsbad, NM"
309,"Carmel, IN"
310,"Caro, MI"
311,"Carpinteria, CA"
312,"Carroll, IA"
313,"Carrollton, GA"
314,"Carrollton, KY"
315,"Carrollton, TX"
316,"Cartersville, GA"
317,"Cary, IL"
318,"Cary, NC"
319,"Casa Grande, AZ"
320,"Casper, WY"
321,"Castaic, CA"
322,"Castle Hayne, NC"
323,"Catonsville, MD"
324,"Cedar City, UT"
325,"Cedar Knolls, NJ"
326,"Cedar Park, TX"
327,"Cedar Rapids, IA"
328,"Center Valley, PA"
329,"Centralia, WA"
330,"Central Valley, NY"
331,"Cerritos, CA"
332,"Chagrin Falls, OH"
333,"Chambersburg, PA"
334,"Champaign, IL"
335,"Chandler, AZ"
336,"Chanhassen, MN"
337,"Channelview, TX"
338,"Chantilly, VA"
339,"Chaplin, CT"
340,"Charleston, IL"
341,"Charleston, SC"
342,"Charleston, WV"
343,"Charlevoix, MI"
344,"Charlotte, NC"
345,"Charlottesville, VA"
346,"Chattanooga, TN"
347,"Cherry Creek, CO"
348,"Cherry Hill, NJ"
349,"Chesapeake, VA"
350,"Cheshire, CT"
351,"Chester, CT"
352,"Chesterfield, MO"
353,"Chestertown, MD"
354,"Chestnut Hill, MA"
355,"Chevy Chase, MD"
356,"Cheyenne, WY"
357,"Chicago, IL"
358,"Chickasha, OK"
359,"Chico, CA"
360,"Chicopee, MA"
361,"Chino Hills, CA"
362,"Chowchilla, CA"
363,"Chula Vista, CA"
364,"Cibolo, TX"
365,"Cincinnati, OH"
366,"Citrus Heights, CA"
367,"Claremont, NC"
368,"Claremore, OK"
369,"Clarksburg, WV"
370,"Clarksdale, MS"
371,"Clarkston, MI"
372,"Clarksville, MD"
373,"Clarksville, TN"
374,"Clayton, MO"
375,"Clayton, NC"
376,"Clearlake, CA"
377,"Clearwater, FL"
378,"Cleburne, TX"
379,"Clemson, SC"
380,"Clermont, FL"
381,"Clermont, KY"
382,"Cleveland, OH"
383,"Cleveland, TN"
384,"Clifton, CO"
385,"Clifton Heights, PA"
386,"Clifton, NJ"
387,"Clinton, CT"
388,"Clinton, IA"
389,"Clinton, SC"
390,"Clinton Township, MI"
391,"Clinton, UT"
392,"Clive, IA"
393,"Clovis, NM"
394,"Coachella, CA"
395,"Coalinga, CA"
396,"Cocoa, FL"
397,"Coeur d'Alene, ID"
398,"Colchester, CT"
399,"Coldwater, MI"
400,"Colebrook, CT"
401,"College Park, GA"
402,"College Station, TX"
403,"Collegeville, PA"
404,"Collierville, TN"
405,"Colonial Heights, VA"
406,"Colorado Springs, CO"
407,"Columbia, CT"
408,"Columbia, MD"
409,"Columbia, MO"
410,"Columbia, SC"
411,"Columbia, TN"
412,"Columbus, GA"
413,"Columbus, IN"
414,"Columbus, KS"
415,"Columbus, MS"
416,"Columbus, NE"
417,"Columbus, OH"
418,"Commerce City, CO"
419,"Commerce Township, MI"
420,"Compton, CA"
421,"Concord, CA"
422,"Concord, MA"
423,"Concord, NC"
424,"Concord, NH"
425,"Conshohocken, PA"
426,"Converse, TX"
427,"Conway, AR"
428,"Conway, SC"
429,"Conyers, GA"
430,"Cookeville, TN"
431,"Coon Rapids, MN"
432,"Coos Bay, OR"
433,"Coppell, TX"
434,"Copperas Cove, TX"
435,"Coral Gables, FL"
436,"Coral Springs, FL"
437,"Coraopolis, PA"
438,"Corcoran, CA"
439,"Cordova, TN"
440,"Corinth, TX"
441,"Cornwall, CT"
442,"Corona, CA"
443,"Coronado, CA"
444,"Corpus Christi, TX"
445,"Corsicana, TX"
446,"Corte Madera, CA"
447,"Cortland, NY"
448,"Corvallis, OR"
449,"Costa Mesa, CA"
450,"Coventry, CT"
451,"Coventry, RI"
452,"Covington, KY"
453,"Covington, TN"
454,"Covington, WA"
455,"Cranberry Township, PA"
456,"Cranston, RI"
457,"Crawfordsville, IN"
458,"Crestview, FL"
459,"Crestwood, IL"
460,"Crestwood, KY"
461,"Crocker Park, OH"
462,"Crofton, MD"
463,"Cromwell, CT"
464,"Crystal City, VA"
465,"Crystal Lake, IL"
466,"Cudahy, WI"
467,"Cullman, AL"
468,"Culver City, CA"
469,"Cumberland, MD"
470,"Cumberland, ME"
471,"Cupertino, CA"
472,"Cuyahoga Falls, OH"
473,"Cypress, CA"
474,"Cypress, TX"
475,"Dahlgren, VA"
476,"Dakota Dunes, SD"
477,"Dallas, OR"
478,"Dallas, TX"
479,"Dalton, GA"
480,"Daly City, CA"
481,"Damascus, MD"
482,"Danbury, CT"
483,"Dania Beach, FL"
484,"Danvers, MA"
485,"Danville, IL"
486,"Danville, KY"
487,"Darien, CT"
488,"Davie, FL"
489,"Davis, CA"
490,"Davison, MI"
491,"Dawsonville, GA"
492,"Daytona Beach, FL"
493,"Dayton, NV"
494,"Dayton, OH"
495,"Dearborn Heights, MI"
496,"Dearborn, MI"
497,"Decatur, AL"
498,"Decatur, GA"
499,"Decatur, IL"
500,"Decorah, IA"
501,"Dedham, MA"
502,"Deep River, CT"
503,"Deerfield Beach, FL"
504,"Deerfield, IL"
505,"Deer Park, NY"
506,"Deer Park, TX"
507,"Defiance, OH"
508,"DeKalb, IL"
509,"Del Amo, CA"
510,"DeLand, FL"
511,"Delano, CA"
512,"Delaware, OH"
513,"Delray Beach, FL"
514,"Del Rio, TX"
515,"Denison, TX"
516,"Denton, MD"
517,"Denton, TX"
518,"Denver, CO"
519,"Derby, CT"
520,"Des Moines, IA"
521,"Des Moines, WA"
522,"DeSoto, TX"
523,"Destin, FL"
524,"Detroit, MI"
525,"Devens, MA"
526,"Dewitt, MI"
527,"Dexter, MI"
528,"DFW, TX"
529,"Dickinson, ND"
530,"Dickson, TN"
531,"Dinuba, CA"
532,"Dixiana, AL"
533,"Dixon, CA"
534,"Dixon, IL"
535,"Dodge City, KS"
536,"Doral, FL"
537,"Dothan, AL"
538,"Douglas, AZ"
539,"Douglasville, GA"
540,"Dover, DE"
541,"Downer's Grove, IL"
542,"Downers Grove, IL"
543,"Draper, UT"
544,"Duarte, CA"
545,"Dublin, GA"
546,"Dublin, OH"
547,"Dubuque, IA"
548,"Dulles, VA"
549,"Duluth, GA"
550,"Duluth, MN"
551,"Dumas, TX"
552,"Duncan, OK"
553,"Dunedin, FL"
554,"Durango, CO"
555,"Durant, OK"
556,"Durham, CT"
557,"Durham, NC"
558,"Dyersburg, TN"
559,"Eagan, MN"
560,"Eagle Pass, TX"
561,"Eagle River, AK"
562,"East Aurora, NY"
563,"East Concord, NH"
564,"East Florence, AL"
565,"Eastford, CT"
566,"East Granby, CT"
567,"East Haddam, CT"
568,"East Hampton, CT"
569,"East Hampton, NY"
570,"East Hanover, NJ"
571,"East Hartford, CT"
572,"East Hartland, CT"
573,"East Haven, CT"
574,"East Hemet, CA"
575,"East Hill-Meridian, WA"
576,"East Lansing, MI"
577,"East Longmeadow, MA"
578,"East Lyme, CT"
579,"Easton, CT"
580,"Easton, MA"
581,"Easton, MD"
582,"East Stroudsburg, PA"
583,"East Windsor, CT"
584,"Eatontown, NJ"
585,"Eau Claire, WI"
586,"Eddystone, PA"
587,"Eden, NC"
588,"Eden Prairie, MN"
589,"Edgewater, FL"
590,"Edina, MN"
591,"Edison, NJ"
592,"Edmond, OK"
593,"Edwardsville, IL"
594,"El Cajon, CA"
595,"El Centro, CA"
596,"El Dorado, AR"
597,"El Dorado Hills, CA"
598,"Elgin, IL"
599,"Elizabeth City, NC"
600,"Elizabethtown, KY"
601,"Elk Grove, CA"
602,"Elk Grove Village, IL"
603,"Elkhorn, WI"
604,"Elko, NV"
605,"Elkridge, MD"
606,"Elk River, MN"
607,"Ellensburg, WA"
608,"Ellenton, FL"
609,"Ellicott City, MD"
610,"Ellington, CT"
611,"Elmira, NY"
612,"Eloy, AZ"
613,"El Paso, TX"
614,"El Reno, OK"
615,"El Segundo, CA"
616,"Emeryville, CA"
617,"Emporia, KS"
618,"Enchanted Hills, NM"
619,"Encino, CA"
620,"Endicott, NY"
621,"Enfield, CT"
622,"Englewood Cliffs, NJ"
623,"Englewood, CO"
624,"Enid, OK"
625,"Ennis, TX"
626,"Enon, OH"
627,"Enterprise, AL"
628,"Erie, CO"
629,"Erie, PA"
630,"Escanaba, MI"
631,"Escondido, CA"
632,"Essex, CT"
633,"Estero, FL"
634,"Eugene, OR"
635,"Eureka, CA"
636,"Evans, CO"
637,"Evanston, IL"
638,"Evansville, IN"
639,"Everett, WA"
640,"Evergreen Park, IL"
641,"Exton, PA"
642,"Fairbanks, AK"
643,"Fairfax, NC"
644,"Fairfax, VA"
645,"Fairfield, CA"
646,"Fairfield, CT"
647,"Fairfield Heights, IN"
648,"Fairhaven, MA"
649,"Fairhope, AL"
650,"Fairlawn, OH"
651,"Fair Oaks, CA"
652,"Fallbrook, CA"
653,"Fall River, MA"
654,"Falls Church, VA"
655,"Falmouth, MA"
656,"Fargo, ND"
657,"Faribault, MN"
658,"Farmington, CT"
659,"Farmington Hills, MI"
660,"Farmington, NM"
661,"Farmington, UT"
662,"Fayetteville, AR"
663,"Fayetteville, NC"
664,"Federal Way, WA"
665,"Fenton, MI"
666,"Fenton, MO"
667,"Fernley, NV"
668,"Fillmore, CA"
669,"Findlay, OH"
670,"Firestone, CO"
671,"Fishers, IN"
672,"Fishkill, NY"
673,"Flagstaff, AZ"
674,"Flemington, NJ"
675,"Flint, MI"
676,"Florence, AL"
677,"Florence, AZ"
678,"Florence, KY"
679,"Florence, SC"
680,"Florham Park, NJ"
681,"Florissant, MO"
682,"Foley, AL"
683,"Folsom, CA"
684,"Fond du Lac, WI"
685,"Fontana-On-Geneva Lake, WI"
686,"Forest Lake, MN"
687,"Forney, TX"
688,"Fort Atkinson, WI"
689,"Fort Collins, CO"
690,"Fort Dodge, IA"
691,"Fort Gordon, GA"
692,"Fort Gratiot, MI"
693,"Fort Lauderdale, FL"
694,"Fort Leonard Wood, MO"
695,"Fort Myers, FL"
696,"Fort Pierce, FL"
697,"Fort Smith, AR"
698,"Fortuna Foothills, AZ"
699,"Fort Walton Beach, FL"
700,"Fort Washington, PA"
701,"Fort Wayne, IN"
702,"Fort Worth, TX"
703,"Foster City, CA"
704,"Fountain Hills, AZ"
705,"Four Corners, FL"
706,"Four Corners, OR"
707,"Framingham, MA"
708,"Frankfort, IN"
709,"Frankfort, KY"
710,"Franklin, CT"
711,"Franklin, GA"
712,"Franklin, OH"
713,"Franklin, TN"
714,"Frankllin, GA"
715,"Frederick, MD"
716,"Frederickson, WA"
717,"Freehold, NJ"
718,"Freemont, CA"
719,"Freeport, IL"
720,"Fremont, CA"
721,"Fremont, MI"
722,"Fremont, NE"
723,"Fremont, OH"
724,"Fresno, CA"
725,"Frisco, TX"
726,"Fulton, MD"
727,"Fuquay-Varina, NC"
728,"Gadsden, AL"
729,"Gainesville, FL"
730,"Gainesville, GA"
731,"Gainesville, TX"
732,"Gaithersburg, MD"
733,"Galesburg, IL"
734,"Gallup, NM"
735,"Galt, CA"
736,"Galveston, TX"
737,"Gambrills, MD"
738,"Garden City, KS"
739,"Garden City, NY"
740,"Garden City, RI"
741,"Gardiner, ME"
742,"Gardiner, NY"
743,"Garland, TX"
744,"Gastonia, NC"
745,"Gatesville, TX"
746,"Gautier, MS"
747,"Gaylord, MI"
748,"Georgetown, TX"
749,"Germantown, TN"
750,"Gillette, WY"
751,"Gilroy, CA"
752,"Glassboro, NJ"
753,"Glastonbury, CT"
754,"Glen Burnie, MD"
755,"Glendale, AZ"
756,"Glendale, CA"
757,"Glendale Heights, IL"
758,"Glendale, WI"
759,"Glen Ellyn, IL"
760,"Gloucester, MA"
761,"Gloversville, NY"
762,"Godfrey, IL"
763,"Golden, CO"
764,"Golden Valley, MN"
765,"Goldsboro, NC"
766,"Goleta, CA"
767,"Goose Creek, SC"
768,"Gordonville, TX"
769,"Goshen, CT"
770,"Goshen, IN"
771,"Grafton, WI"
772,"Graham, WA"
773,"Granby, CT"
774,"Grand Blanc, MI"
775,"Grand Forks, ND"
776,"Grand Island, NE"
777,"Grand Junction, CO"
778,"Grand Ledge, MI"
779,"Grand Prairie, TX"
780,"Grand Rapids, MI"
781,"Granite Bay, CA"
782,"Grants Pass, OR"
783,"Grayling, MI"
784,"Great Bend, KS"
785,"Great Falls, MT"
786,"Great Neck, NY"
787,"Greeley, CO"
788,"Green Bay, WI"
789,"Greenbelt, MD"
790,"Green Cove Springs, FL"
791,"Greendale, WI"
792,"Greeneville, TN"
793,"Greenfield, CA"
794,"Greenfield, IN"
795,"Greenfield, MA"
796,"Greenfield, WI"
797,"Greenlawn, NY"
798,"Greensboro, NC"
799,"Green Valley, AZ"
800,"Greenville, AL"
801,"Greenville, MI"
802,"Greenville, MS"
803,"Greenville, NC"
804,"Greenville, SC"
805,"Greenville, TX"
806,"Greenville, VA"
807,"Greenwich, CT"
808,"Greenwood, MS"
809,"Greenwood, SC"
810,"Greenwood Village, CO"
811,"Griffin, GA"
812,"Griswold, CT"
813,"Grosse Pointe Woods, MI"
814,"Groton, CT"
815,"Grove City, OH"
816,"Groves, TX"
817,"Guilford, CT"
818,"Gulfport, MS"
819,"Gurnee, IL"
820,"Hackensack, NJ"
821,"Haddam, CT"
822,"Hagerstown, MD"
823,"Hamden, CT"
824,"Hamilton, NJ"
825,"Hamilton, NY"
826,"Hammond, IN"
827,"Hammond, LA"
828,"Hampton Bays, NY"
829,"Hampton, CT"
830,"Hanford, CA"
831,"Hannibal, MO"
832,"Hanover, NH"
833,"Hanover, PA"
834,"Harker Heights, TX"
835,"Harlingen, TX"
836,"Harrisburg, PA"
837,"Hartford, CT"
838,"Hartland, CT"
839,"Harwinton, CT"
840,"Hastings, MN"
841,"Hastings, NE"
842,"Hato Rey, PR"
843,"Hattiesburg, MS"
844,"Hauppauge, NY"
845,"Havelock, NC"
846,"Haverhill, MA"
847,"Hawthorne, CA"
848,"Hayesville, OR"
849,"Hays, KS"
850,"Hayward, CA"
851,"Hazelwood, MO"
852,"Hazleton, PA"
853,"Heathrow, FL"
854,"Hebron, CT"
855,"Helena, AL"
856,"Helena, MT"
857,"Hemet, CA"
858,"Henderson, NV"
859,"Hendersonville, TN"
860,"Hereford, TX"
861,"Hermiston, OR"
862,"Hermitage, PA"
863,"Hernando, MS"
864,"Herndon, VA"
865,"Hesperia, CA"
866,"Hibbing, MN"
867,"Hickory Hills, IL"
868,"Hickory, NC"
869,"Higganum, CT"
870,"Highlands Ranch, CO"
871,"High Point, NC"
872,"Hill AFB, UT"
873,"Hillsboro, OR"
874,"Hillsdale, MI"
875,"Hilo, HI"
876,"Hilton Head Island, SC"
877,"Hilton Head, SC"
878,"Hinesville, GA"
879,"Hingham, MA"
880,"Hobbs, NM"
881,"Hoboken, NJ"
882,"Hoffman Estates, IL"
883,"Holland, MI"
884,"Hollister, CA"
885,"Holly, MI"
886,"Holly Springs, NC"
887,"Hollywood, MD"
888,"Holmdel, NJ"
889,"Holyoke, MA"
890,"Homestead, FL"
891,"Homewood, AL"
892,"Homewood, IL"
893,"Honolulu, HI"
894,"Hopkinsville, KY"
895,"Horizon City, TX"
896,"Horn Lake, MS"
897,"Horsham, PA"
898,"Hot Springs, AR"
899,"Hot Springs National Park, AR"
900,"Houghton, MI"
901,"Houma, LA"
902,"Houston, TX"
903,"Howell, MI"
904,"Hudson, NH"
905,"Hudsonville, MI"
906,"Huntersville, NC"
907,"Huntington Beach, CA"
908,"Huntington, IN"
909,"Huntington Park, CA"
910,"Huntington Station, NY"
911,"Huntington, WV"
912,"Huntsville, AL"
913,"Huntsville, TX"
914,"Hunt Valley, MD"
915,"Hurricane, UT"
916,"Hurst, TX"
917,"Hutchinson, KS"
918,"Hutto, TX"
919,"Hyannis, MA"
920,"Idaho Falls, ID"
921,"Immokalee, FL"
922,"Imperial, CA"
923,"Independence, MO"
924,"Independence, OH"
925,"Indianapolis, IN"
926,"Indian Land, SC"
927,"Indianola, IA"
928,"Indio, CA"
929,"Inwood, WV"
930,"Iowa City, IA"
931,"Iron River, MI"
932,"Ironville, KY"
933,"Ironwood, MI"
934,"Irvine, CA"
935,"Irving, CT"
936,"Irving, TX"
937,"Iselin, NJ"
938,"Itasca, IL"
939,"Ithaca, NY"
940,"Ixonia, WI"
941,"Jackson Hole, WY"
942,"Jackson, MI"
943,"Jackson, MS"
944,"Jackson, TN"
945,"Jacksonville, AL"
946,"Jacksonville, AR"
947,"Jacksonville, FL"
948,"Jacksonville, IL"
949,"Jacksonville, NC"
950,"Jamestown, ND"
951,"Jamestown, NY"
952,"Janesville, WI"
953,"Jasper, IN"
954,"Jefferson City, MO"
955,"Jefferson, GA"
956,"Jeffersonville, IN"
957,"Jenison, MI"
958,"Jenkintown, PA"
959,"Jericho, NY"
960,"Jersey City, NJ"
961,"Johnson City, TN"
962,"Johnston, RI"
963,"Johnstown, PA"
964,"Joliet, IL"
965,"Jonesboro, AR"
966,"Joplin, MO"
967,"Junction City, KS"
968,"Juneau, AK"
969,"Kahului, HI"
970,"Kalamazoo, MI"
971,"Kalispell, MT"
972,"Kankakee, IL"
973,"Kannapolis, NC"
974,"Kansas City, KS"
975,"Kansas City, MO"
976,"Kapolei, HI"
977,"Katy, TX"
978,"Kearney, NE"
979,"Kearny, NJ"
980,"Keene, NH"
981,"Keizer, OR"
982,"Kelowna, BC"
983,"Kenilworth, NJ"
984,"Kennesaw, GA"
985,"Kenosha, WI"
986,"Kent, CT"
987,"Kent, OH"
988,"Kent, WA"
989,"Kentwood, MI"
990,"Ketchikan, AK"
991,"Key West, FL"
992,"Kīhei, HI"
993,"Kilbourne, IL"
994,"Killingly, CT"
995,"Killingworth, CT"
996,"Kingman, AZ"
997,"King of Prussia, PA"
998,"King Salmon, AK"
999,"Kingsland, GA"
1000,"Kingsport, TN"
1001,"Kingston, NY"
1002,"Kinston, NC"
1003,"Kiowa, OK"
1004,"Kirksville, MO"
1005,"Kiryas Joel, NY"
1006,"Kissimmee, FL"
1007,"Kittery, ME"
1008,"Klamath Falls, OR"
1009,"Knoxville, TN"
1010,"Kokomo, IN"
1011,"Kuna, ID"
1012,"Laconia, NH"
1013,"Lady Lake, FL"
1014,"Lafayette, CA"
1015,"Lafayette, IN"
1016,"Lafayette, LA"
1017,"La Grange, GA"
1018,"La Jolla, CA"
1019,"Lake Bluff, IL"
1020,"Lake Charles, LA"
1021,"Lake Havasu City, AZ"
1022,"Lakeland, FL"
1023,"Lake Mary, FL"
1024,"Lake Orion, MI"
1025,"Lake Oswego, OR"
1026,"Lake Success, NY"
1027,"Lake Tahoe, CA"
1028,"Lakeville, MN"
1029,"Lakewood, NJ"
1030,"Lakewood Ranch, FL"
1031,"Lakewood, WA"
1032,"Lake Worth, FL"
1033,"Lake Worth, TX"
1034,"Lake Zurich, IL"
1035,"Lambertville, MI"
1036,"La Mirada, CA"
1037,"Lancaster, OH"
1038,"Lancaster, PA"
1039,"Landover, MD"
1040,"Lanham, MD"
1041,"Lansing, MI"
1042,"Lansing, NC"
1043,"Lapeer, MI"
1044,"Laplace, LA"
1045,"La Porte, IN"
1046,"LaPorte, IN"
1047,"La Quinta, CA"
1048,"Laramie, WY"
1049,"Laredo, TX"
1050,"Las Cruces, NM"
1051,"Las Vegas, NV"
1052,"Lathrop, CA"
1053,"Laurel, MD"
1054,"Laurel, MS"
1055,"Laurinburg, NC"
1056,"Lawrence, KS"
1057,"Lawrence, MA"
1058,"Lawrence Township, NJ"
1059,"Lawrenceville, NJ"
1060,"Lawton, OK"
1061,"Leadwood Town, MO"
1062,"League City, TX"
1063,"Leavenworth, KS"
1064,"Leawood, KS"
1065,"Leawood, MO"
1066,"Lebanon, CT"
1067,"Lebanon, IN"
1068,"Lebanon, NH"
1069,"Lebanon, NJ"
1070,"Lebanon, OR"
1071,"Lebanon, PA"
1072,"Lebanon, TN"
1073,"Ledyard, CT"
1074,"Leesburg, FL"
1075,"Leesburg, VA"
1076,"Lee's Summit, MO"
1077,"Lehigh Acres, FL"
1078,"Lehi, UT"
1079,"Leisure City, FL"
1080,"Leland, NC"
1081,"Lenexa, KS"
1082,"Lenoir, NC"
1083,"Lewiston, ID"
1084,"Lewiston Orchards, ID"
1085,"Lewisville, TX"
1086,"Lexington, KY"
1087,"Lexington, MA"
1088,"Lexington, NC"
1089,"Liberal, KS"
1090,"Liberty Township, OH"
1091,"Lima, OH"
1092,"Lincoln, NE"
1093,"Lincolnshire, IL"
1094,"Linden, MI"
1095,"Lindon, UT"
1096,"Linthicum Heights, MD"
1097,"Lisbon, CT"
1098,"Lisle, IL"
1099,"Litchfield, CT"
1100,"Lithia Springs, GA"
1101,"Lititz, PA"
1102,"Little Rock, AR"
1103,"Littlestown, PA"
1104,"Littleton, CO"
1105,"Livermore, CA"
1106,"Livingston, NJ"
1107,"Livonia, MI"
1108,"Lockhart, TX"
1109,"Lockport, NY"
1110,"Logansport, IN"
1111,"Logan, UT"
1112,"Loganville, GA"
1113,"Lompoc, CA"
1114,"Lone Tree, CO"
1115,"Long Beach, CA"
1116,"Long Beach, MS"
1117,"Long Branch, TX"
1118,"Long Island, NY"
1119,"Longmeadow, MA"
1120,"Longmont, CO"
1121,"Longview, WA"
1122,"Los Alamitos, CA"
1123,"Los Angeles, CA"
1124,"Los Banos, CA"
1125,"Los Lunas, NM"
1126,"Louisville, KY"
1127,"Loveland, CO"
1128,"Lowell, MA"
1129,"Lubbock, TX"
1130,"Ludlow, MA"
1131,"Lumberton, NC"
1132,"Lutz, FL"
1133,"Lyme, CT"
1134,"Lynnfield, MA"
1135,"Lynnwood, WA"
1136,"Macedonia, OH"
1137,"Mackinaw City, MI"
1138,"Macomb, IL"
1139,"Macomb, MI"
1140,"Macon, GA"
1141,"Madera, CA"
1142,"Madison, CT"
1143,"Madison Heights, MI"
1144,"Madisonville, KY"
1145,"Madison, WI"
1146,"Mahwah, NJ"
1147,"Maitland, FL"
1148,"Makakilo City, HI"
1149,"Makakilo, HI"
1150,"Malibu, CA"
1151,"Malvern, PA"
1152,"Manchester, CT"
1153,"Manchester, NH"
1154,"Manhasset, NY"
1155,"Manhattan Beach, CA"
1156,"Manhattan, KS"
1157,"Manhattan, NY"
1158,"Manitowoc, WI"
1159,"Mankato, MN"
1160,"Mansfield, CT"
1161,"Mansfield, OH"
1162,"Mansfield, TX"
1163,"Maple Grove, MN"
1164,"Maple Valley, WA"
1165,"Maplewood, MN"
1166,"Marana, AZ"
1167,"Marco Island, FL"
1168,"Marfa, TX"
1169,"Maricopa, AZ"
1170,"Marietta, GA"
1171,"Marin City, CA"
1172,"Marin County, CA"
1173,"Marion, IL"
1174,"Marion, IN"
1175,"Marion, OH"
1176,"Marlborough, CT"
1177,"Marlborough, MA"
1178,"Marlton, NJ"
1179,"Marquette, MI"
1180,"Marshalltown, IA"
1181,"Marshfield, WI"
1182,"Maryland Heights, MO"
1183,"Marysville, MI"
1184,"Marysville, OH"
1185,"Maryville, TN"
1186,"Mashantucket, CT"
1187,"Mason City, IA"
1188,"Mason, OH"
1189,"Massena, NY"
1190,"Mastic, NY"
1191,"Matawan, NJ"
1192,"Mattawan, MI"
1193,"Matthews, NC"
1194,"Mattoon, IL"
1195,"Maumee, OH"
1196,"McAlester, OK"
1197,"McAllen, TX"
1198,"McDonough, GA"
1199,"McHenry, IL"
1200,"Mckeesport, PA"
1201,"McKees Rocks, PA"
1202,"McKinleyville, CA"
1203,"McLean, VA"
1204,"McMinnville, OR"
1205,"Meads, KY"
1206,"Mead Valley, CA"
1207,"Mechanicsburg, PA"
1208,"Medford, MA"
1209,"Medford, OR"
1210,"Medina, OH"
1211,"Melbourne, FL"
1212,"Melville, NY"
1213,"Memphis, TN"
1214,"Mendota, MN"
1215,"Menifee, CA"
1216,"Menlo Park, CA"
1217,"Menomonee Falls, WI"
1218,"Menomonie, WI"
1219,"Mentor, OH"
1220,"Merced, CA"
1221,"Meriden, CT"
1222,"Meridian, MS"
1223,"Merrick Park, FL"
1224,"Merrillville, IN"
1225,"Merrimack, NH"
1226,"Merrimac, MA"
1227,"Merritt Island, FL"
1228,"Mesa, AZ"
1229,"Mesquite, NV"
1230,"Mesquite, TX"
1231,"Miami Beach, FL"
1232,"Miami, FL"
1233,"Miami Springs, FL"
1234,"Michigan City, IN"
1235,"Middleburg, VA"
1236,"Middlebury, CT"
1237,"Middlefield, CT"
1238,"Middleton, WI"
1239,"Middletown, CT"
1240,"Middletown, DE"
1241,"Middletown, NY"
1242,"Middletown, RI"
1243,"Midland, MI"
1244,"Midland, TX"
1245,"Midvale, UT"
1246,"Midway, FL"
1247,"Milford, CT"
1248,"Milford, MI"
1249,"Mililani Town, HI"
1250,"Milledgeville, GA"
1251,"Millville, NJ"
1252,"Milpitas, CA"
1253,"Milton, DE"
1254,"Milwaukee, WI"
1255,"Minneapolis, MN"
1256,"Minnetonka, MN"
1257,"Minooka, IL"
1258,"Minot, ND"
1259,"Mishawaka, IN"
1260,"Mission Viejo, CA"
1261,"Missoula, MT"
1262,"Missouri City, TX"
1263,"Mitchell, SD"
1264,"Mitchellville, MD"
1265,"Mobile, AL"
1266,"Moccasin, CA"
1267,"Modesto, CA"
1268,"Monroe, CT"
1269,"Monroe, GA"
1270,"Monroe, LA"
1271,"Monroe, MI"
1272,"Monroe, NC"
1273,"Monroe, OH"
1274,"Monterey, CA"
1275,"Montgomery, AL"
1276,"Montrose, CO"
1277,"Montvale, NJ"
1278,"Montville, CT"
1279,"Moorestown, NJ"
1280,"Morgan Hill, CA"
1281,"Morganton, NC"
1282,"Morganville, NJ"
1283,"Morris, CT"
1284,"Morristown, NJ"
1285,"Morristown, TN"
1286,"Morrisville, NC"
1287,"Morrow, GA"
1288,"Moscow, ID"
1289,"Moses Lake, WA"
1290,"Mountain Home, AR"
1291,"Mountainside, NJ"
1292,"Mountain View, CA"
1293,"Mount Clemens, MI"
1294,"Mount Laurel, NJ"
1295,"Mount Pleasant, MI"
1296,"Mount Prospect, IL"
1297,"Mount Vernon, IL"
1298,"Mount Vernon, OH"
1299,"Mt Laurel, NJ"
1300,"Mt. Pleasant, SC"
1301,"Mt. Vernon, WA"
1302,"Muncie, IN"
1303,"Murfreesboro, TN"
1304,"Murphy, TX"
1305,"Murray, KY"
1306,"Murrieta, CA"
1307,"Murrysville, PA"
1308,"Muscatine, IA"
1309,"Muskegon, MI"
1310,"Muskogee, OK"
1311,"Mustang, OK"
1312,"Myrtle Beach, SC"
1313,"Nampa, ID"
1314,"Nantucket, MA"
1315,"Napa, CA"
1316,"Naperville, IL"
1317,"Naples, FL"
1318,"Nashua, NH"
1319,"Nashville, TN"
1320,"Natchez, MS"
1321,"Natchitoches, LA"
1322,"Natick, MA"
1323,"Naugatuck, CT"
1324,"Navarre, FL"
1325,"Needham, MA"
1326,"Neenah, WI"
1327,"Newark, DE"
1328,"Newark, NJ"
1329,"Newark, OH"
1330,"New Baltimore, MI"
1331,"New Bedford, MA"
1332,"Newberg, OR"
1333,"New Berlin, WI"
1334,"New Bern, NC"
1335,"New Britain, CT"
1336,"New Brunswick, NJ"
1337,"Newburgh, NY"
1338,"Newbury Park, CA"
1339,"Newburyport, MA"
1340,"New Canaan, CT"
1341,"New Castle, IN"
1342,"New Castle, PA"
1343,"New Century, KS"
1344,"New Fairfield, CT"
1345,"New Hartford, CT"
1346,"New Haven, CT"
1347,"New Hope, PA"
1348,"New Hudson, MI"
1349,"New Iberia, LA"
1350,"Newington, CT"
1351,"New Kensington, PA"
1352,"New London, CT"
1353,"New Milford, CT"
1354,"Newnan, GA"
1355,"New Orleans, LA"
1356,"New Oxford, PA"
1357,"New Philadelphia, OH"
1358,"Newport Beach, CA"
1359,"Newport, MI"
1360,"Newport News, VA"
1361,"New Port Richey, FL"
1362,"New Rochelle, NY"
1363,"New Smyrna Beach, FL"
1364,"Newton, IA"
1365,"Newton, KS"
1366,"Newtown, CT"
1367,"Newtown, PA"
1368,"New York, NY"
1369,"Niagara Falls, NY"
1370,"Niles, MI"
1371,"Nipomo, CA"
1372,"Noblesville, IN"
1373,"Nogales, AZ"
1374,"Norcross, GA"
1375,"Norfolk, CT"
1376,"Norfolk, NE"
1377,"Norfolk, VA"
1378,"Norman, OK"
1379,"North Andover, MA"
1380,"North Branford, CT"
1381,"Northbrook, IL"
1382,"North Canaan, CT"
1383,"North Charleston, SC"
1384,"North Chicopee, MA"
1385,"Northfield, MN"
1386,"North Franklin, CT"
1387,"North Haven, CT"
1388,"North Kingstown, RI"
1389,"North Miami, FL"
1390,"North Myrtle Beach, SC"
1391,"North Ogden, UT"
1392,"North Platte, NE"
1393,"Northport, AL"
1394,"North Reading, MA"
1395,"North Riverside, IL"
1396,"North Smithfield, RI"
1397,"North Stonington, CT"
1398,"Northville, MI"
1399,"Norwalk, CT"
1400,"Norwalk, OH"
1401,"Norwell, MA"
1402,"Norwich, CT"
1403,"Norwich, NY"
1404,"Norwich, VT"
1405,"Norwood, MA"
1406,"Nottingham, MD"
1407,"Novato, CA"
1408,"Novi, MI"
1409,"Oakbrook, IL"
1410,"Oak Brook, IL"
1411,"Oak Creek, WI"
1412,"Oakdale, MN"
1413,"Oak Harbor, WA"
1414,"Oakland, CA"
1415,"Oak Lawn, IL"
1416,"Oakley, CA"
1417,"Oak Park, IL"
1418,"Oak Park, MI"
1419,"Oak Ridge, TN"
1420,"Ocala, FL"
1421,"Ocean Acres, NJ"
1422,"Oceanside, CA"
1423,"Odessa, TX"
1424,"O'Fallon, IL"
1425,"O'Fallon, MO"
1426,"Ogden, UT"
1427,"Oklahoma City, OK"
1428,"Old Jamestown, MO"
1429,"Old Lyme, CT"
1430,"Old Saybrook, CT"
1431,"Olive Branch, MS"
1432,"Olmsted, OH"
1433,"Olney, MD"
1434,"Olympia, WA"
1435,"Omaha, NE"
1436,"Onalaska, WI"
1437,"Oneonta, NY"
1438,"Ontario, CA"
1439,"Opelika, AL"
1440,"Opelousas, LA"
1441,"Orangeburg, NY"
1442,"Orange, CA"
1443,"Orange, CT"
1444,"Orange Park, FL"
1445,"Orangevale, CA"
1446,"Orcutt, CA"
1447,"Oregon, OH"
1448,"Orem, UT"
1449,"Orlando, FL"
1450,"Orland Park, IL"
1451,"Oroville, CA"
1452,"Oshkosh, WI"
1453,"Oswego, NY"
1454,"Otsego, MN"
1455,"Ottawa, IL"
1456,"Ottumwa, IA"
1457,"Overland Park, KS"
1458,"Owatonna, MN"
1459,"Owensboro, KY"
1460,"Owings Mills, MD"
1461,"Oxford, AL"
1462,"Oxford, CT"
1463,"Oxford, MS"
1464,"Oxford, NC"
1465,"Oxford, OH"
1466,"Oxnard, CA"
1467,"Ozark, MO"
1468,"Pace, FL"
1469,"Pacific Grove, CA"
1470,"Paducah, KY"
1471,"Pahrump, NV"
1472,"Palatine, IL"
1473,"Palm Bay, FL"
1474,"Palm Beach, FL"
1475,"Palm Beach Gardens, FL"
1476,"Palm Coast, FL"
1477,"Palmdale, CA"
1478,"Palm Desert, CA"
1479,"Palmer, MA"
1480,"Palm Harbor, FL"
1481,"Palm Springs, CA"
1482,"Palo Alto, CA"
1483,"Pampa, TX"
1484,"Panama City, FL"
1485,"Paradise, CA"
1486,"Paragould, AR"
1487,"Paramount, CA"
1488,"Paramus, NJ"
1489,"Park City, UT"
1490,"Parkersburg, WV"
1491,"Parkland, WA"
1492,"Park Ridge, IL"
1493,"Parlier, CA"
1494,"Parsippany, NJ"
1495,"Pasadena, CA"
1496,"Pasadena, MD"
1497,"Pascagoula, MS"
1498,"Paso Robles, CA"
1499,"Patterson, CA"
1500,"Payson, AZ"
1501,"Payson, UT"
1502,"Peabody, MA"
1503,"Peachtree City, GA"
1504,"Peekskill, NY"
1505,"Pelham, AL"
1506,"Pembroke Pines, FL"
1507,"Pendleton, OR"
1508,"Pennington, NJ"
1509,"Pennsauken, NJ"
1510,"Pensacola, FL"
1511,"Peoria, IL"
1512,"Perris, CA"
1513,"Perry, GA"
1514,"Petaluma, CA"
1515,"Petoskey, MI"
1516,"Pewaukee, WI"
1517,"Philadelphia, PA"
1518,"Phillipsburg, KS"
1519,"Phoenix, AZ"
1520,"Pinckney, MI"
1521,"Pine Bluff, AR"
1522,"Pinehouse, SK"
1523,"Pinehurst, NC"
1524,"Pinellas Park, FL"
1525,"Piqua, OH"
1526,"Piscataway, NJ"
1527,"Pittsburg, CA"
1528,"Pittsburgh, PA"
1529,"Pittsburg, KS"
1530,"Pittsfield, MA"
1531,"Plainfield, CT"
1532,"Plainfield, IL"
1533,"Plainfield, IN"
1534,"Plainview, NY"
1535,"Plainview, TX"
1536,"Plainville, CT"
1537,"Plainwell, MI"
1538,"Plano, TX"
1539,"Plantation, FL"
1540,"Plant City, FL"
1541,"Plattsburgh, NY"
1542,"Playa Vista, CA"
1543,"Pleasant Grove, UT"
1544,"Pleasanton, CA"
1545,"Pleasant Prairie, WI"
1546,"Plum, PA"
1547,"Plymouth, CT"
1548,"Plymouth, MA"
1549,"Plymouth Meeting, PA"
1550,"Plymouth, MI"
1551,"Plymouth, MN"
1552,"Plymouth, PA"
1553,"Pocatello, ID"
1554,"Pocomoke City, MD"
1555,"Poinciana, FL"
1556,"Pomfret, CT"
1557,"Pompano Beach, FL"
1558,"Ponca City, OK"
1559,"Ponte Vedra Beach, FL"
1560,"Pontiac, MI"
1561,"Poplar Bluff, MO"
1562,"Portage, MI"
1563,"Port Angeles, WA"
1564,"Port Charlotte, FL"
1565,"Porterville, CA"
1566,"Port Huron, MI"
1567,"Portland, CT"
1568,"Portland, ME"
1569,"Portland, OR"
1570,"Port Richey, FL"
1571,"Portsmouth, NH"
1572,"Portsmouth, OH"
1573,"Port St. Lucie, FL"
1574,"Port Washington, NY"
1575,"Post Falls, ID"
1576,"Pottsville, PA"
1577,"Poughkeepsie, NY"
1578,"Poway, CA"
1579,"Prairieville, LA"
1580,"Prescott, AR"
1581,"Prescott, AZ"
1582,"Prescott Valley, AZ"
1583,"Presque Isle, ME"
1584,"Preston, CT"
1585,"Princeton, FL"
1586,"Princeton, NJ"
1587,"Prospect, CT"
1588,"Providence, RI"
1589,"Provo, UT"
1590,"Pueblo, CO"
1591,"Pueblo West, CO"
1592,"Pullman, WA"
1593,"Purchase, NY"
1594,"Putnam, CT"
1595,"Puyallup, WA"
1596,"Queen Creek, AZ"
1597,"Queensbury, NY"
1598,"Queens, NY"
1599,"Quincy, IL"
1600,"Quincy, MA"
1601,"Radcliff, KY"
1602,"Radnor, PA"
1603,"Raeford, NC"
1604,"Rahway, NJ"
1605,"Raleigh, NC"
1606,"Ramona, CA"
1607,"Rancho Penasquitos, CA"
1608,"Rancho San Diego, CA"
1609,"Randleman, NC"
1610,"Rapid City, SD"
1611,"Raritan, NJ"
1612,"Raymore, MO"
1613,"Raynham, MA"
1614,"Reading, PA"
1615,"Redding, CA"
1616,"Redding, CT"
1617,"Redford, MI"
1618,"Redford Township, MI"
1619,"Redlands, CA"
1620,"Redmond, OR"
1621,"Redmond, WA"
1622,"Redondo Beach, CA"
1623,"Red Wing, MN"
1624,"Redwood City, CA"
1625,"Reedley, CA"
1626,"Reedsville, PA"
1627,"Rehoboth Beach, DE"
1628,"Reno, NV"
1629,"Research Triangle Park, NC"
1630,"Reston, VA"
1631,"Revere, MA"
1632,"Rexburg, ID"
1633,"Reynoldsburg, OH"
1634,"Richardson, TX"
1635,"Richards, TX"
1636,"Richfield, MN"
1637,"Richfield, OH"
1638,"Richland Hills, TX"
1639,"Richland, WA"
1640,"Richmond Heights, OH"
1641,"Richmond, IN"
1642,"Richmond, KY"
1643,"Richmond, MI"
1644,"Richmond, TX"
1645,"Richmond, VA"
1646,"Richmond West, FL"
1647,"Ridgecrest, CA"
1648,"Ridgefield, CT"
1649,"Ridgefield Park, NJ"
1650,"Rio Rancho, NM"
1651,"Ripon, CA"
1652,"River Falls, WI"
1653,"Riverside, CA"
1654,"Riverview, FL"
1655,"Riverwoods, IL"
1656,"Roanoke Rapids, NC"
1657,"Roanoke, VA"
1658,"Robbinsville, NJ"
1659,"Rochester Hills, MI"
1660,"Rochester, MN"
1661,"Rochester, NH"
1662,"Rochester, NY"
1663,"Rockaway, NJ"
1664,"Rockford, IL"
1665,"Rock Hill, SC"
1666,"Rock Island, IL"
1667,"Rockland, MA"
1668,"Rockledge, FL"
1669,"Rocklin, CA"
1670,"Rock Springs, WY"
1671,"Rockton, IL"
1672,"Rockville, MD"
1673,"Rocky Hill, CT"
1674,"Rocky Mount, NC"
1675,"Rogers, AR"
1676,"Rogers, MN"
1677,"Rohnert Park, CA"
1678,"Rolla, MO"
1679,"Rolling Meadows, IL"
1680,"Rome, GA"
1681,"Rome, NY"
1682,"Romeoville, IL"
1683,"Rosamond, CA"
1684,"Roseburg, OR"
1685,"Rosemont, IL"
1686,"Roseville, CA"
1687,"Roseville, MI"
1688,"Roseville, MN"
1689,"Roswell, GA"
1690,"Roswell, NM"
1691,"Rotterdam, NY"
1692,"Round Rock, TX"
1693,"Roxboro, NC"
1694,"Roxbury, CT"
1695,"Roxbury, NJ"
1696,"Royal Oak, MI"
1697,"Roy, UT"
1698,"Russellville, AR"
1699,"Ruston, LA"
1700,"Rutland, VT"
1701,"Saco, ME"
1702,"Sacramento, CA"
1703,"Sag Harbor, NY"
1704,"Saginaw, MI"
1705,"Sahuarita, AZ"
1706,"Saint Charles, MD"
1707,"Saint Charles, MO"
1708,"Saint Cloud, FL"
1709,"Saint George, UT"
1710,"Saint Joseph, MO"
1711,"Saint Michael, MN"
1712,"Saint Paul, MN"
1713,"Salem, CT"
1714,"Salem, NH"
1715,"Salem, OR"
1716,"Salina, KS"
1717,"Salinas, CA"
1718,"Saline, MI"
1719,"Salisbury, CT"
1720,"Salisbury, MD"
1721,"Salisbury, NC"
1722,"Salt Lake City, UT"
1723,"San Angelo, TX"
1724,"San Antonio, TX"
1725,"San Bernadino, CA"
1726,"San Carlos, CA"
1727,"San Clemente, CA"
1728,"San Diego, CA"
1729,"San Dimas, CA"
1730,"Sandusky, OH"
1731,"Sandy Springs, GA"
1732,"Sandy, UT"
1733,"Sanford, FL"
1734,"Sanford, ME"
1735,"Sanford, NC"
1736,"San Francisco, CA"
1737,"San Jacinto, CA"
1738,"San Jose, CA"
1739,"San Leandro, CA"
1740,"San Luis, AZ"
1741,"San Luis Obispo, CA"
1742,"San Marcos, CA"
1743,"San Marcos, TX"
1744,"San Mateo, CA"
1745,"San Rafael, CA"
1746,"San Ramon, CA"
1747,"Santa Ana, CA"
1748,"Santa Barbara, CA"
1749,"Santa Clara, CA"
1750,"Santa Clarita, CA"
1751,"Santa Cruz, CA"
1752,"Santa Fe, NM"
1753,"Santa Fe Springs, CA"
1754,"Santa Maria, CA"
1755,"Santa Monica, CA"
1756,"San Tan Valley, AZ"
1757,"Santa Paula, CA"
1758,"Santa Rosa, CA"
1759,"Santee, CA"
1760,"Sapulpa, OK"
1761,"Sarasota, FL"
1762,"Saratoga Springs, NY"
1763,"Sault Ste. Marie, MI"
1764,"Savage, MN"
1765,"Savannah, GA"
1766,"Scarsdale, NY"
1767,"Schaumburg, IL"
1768,"Schenectady, NY"
1769,"Schofield Barracks, HI"
1770,"Scotland, CT"
1771,"Scottsbluff, NE"
1772,"Scottsboro, AL"
1773,"Scottsdale, AZ"
1774,"Scottsville, VA"
1775,"Scranton, PA"
1776,"Searcy, AR"
1777,"Seattle, WA"
1778,"Sebastian, FL"
1779,"Sebring, FL"
1780,"Secaucus, NJ"
1781,"Sedalia, MO"
1782,"Selma, AL"
1783,"Selma, CA"
1784,"Seminole, FL"
1785,"Severna Park, MD"
1786,"Sevierville, TN"
1787,"Seymour, CT"
1788,"Seymour, IN"
1789,"Shafter, CA"
1790,"Shalimar, FL"
1791,"Sharon, CT"
1792,"Shawnee, OK"
1793,"Sheboygan, WI"
1794,"Shelby Charter Township, MI"
1795,"Shelby, NC"
1796,"Shelbyville, IN"
1797,"Shelbyville, KY"
1798,"Shelbyville, TN"
1799,"Shelton, CT"
1800,"Sheridan, AR"
1801,"Sheridan, WY"
1802,"Sherman, CT"
1803,"Sherman Oaks, CA"
1804,"Shirley, MA"
1805,"Shirley, NY"
1806,"Shiro, TX"
1807,"Shoreview, MN"
1808,"Short Hills, NJ"
1809,"Shreveport, LA"
1810,"Sidney, OH"
1811,"Sierra Vista, AZ"
1812,"Sikeston, MO"
1813,"Silicon Valley, CA"
1814,"Siloam Springs, AR"
1815,"Silverdale, WA"
1816,"Silver Lake, WI"
1817,"Silver Spring, MD"
1818,"Simsbury, CT"
1819,"Sioux City, IA"
1820,"Sioux Falls, SD"
1821,"Skillman, NJ"
1822,"Skokie, IL"
1823,"Sleepy Hollow, NY"
1824,"Slidell, LA"
1825,"Smithton, PA"
1826,"Smyrna, GA"
1827,"Socorro Mission Number 1 Colonia, TX"
1828,"Socorro, TX"
1829,"Soledad, CA"
1830,"Solon, OH"
1831,"Somers, CT"
1832,"Somerset, NJ"
1833,"Somerton, AZ"
1834,"Somerville, MA"
1835,"Southampton, NY"
1836,"South Bel Air, MD"
1837,"Southbury, CT"
1838,"South Dennis, MA"
1839,"South Elgin, IL"
1840,"Southfield, MI"
1841,"South Florida, FL"
1842,"Southgate, MI"
1843,"South Haven, MI"
1844,"South Hill, WA"
1845,"Southington, CT"
1846,"South Jordan, UT"
1847,"Southlake, TX"
1848,"South Lyon, MI"
1849,"South Ogden, UT"
1850,"Southport, IL"
1851,"South Portland, ME"
1852,"South San Francisco, CA"
1853,"South Vineland, NJ"
1854,"South Windsor, CT"
1855,"South Yuba City, CA"
1856,"Spanaway, WA"
1857,"Sparks, NV"
1858,"Spartanburg, SC"
1859,"Spokane, WA"
1860,"Sprague, CT"
1861,"Springdale, AR"
1862,"Springfield, IL"
1863,"Springfield, MA"
1864,"Springfield, MO"
1865,"Springfield, OH"
1866,"Springfield, TN"
1867,"Springfield, VA"
1868,"Spring Hill, FL"
1869,"Spring Hill, TN"
1870,"Spring House, PA"
1871,"Spring, TX"
1872,"Stafford, CT"
1873,"Stafford, VA"
1874,"St. Albans City, VT"
1875,"Stamford, CT"
1876,"Starkville, MS"
1877,"State College, PA"
1878,"Staten Island, NY"
1879,"Statesboro, GA"
1880,"Statesville, NC"
1881,"St. Augustine, FL"
1882,"St. Charles, IL"
1883,"St. Clair, MI"
1884,"St. Clair Shores, MI"
1885,"St. Cloud, MN"
1886,"Sterling, CT"
1887,"Sterling Heights, MI"
1888,"Sterling, IL"
1889,"Sterling, VA"
1890,"Steubenville, OH"
1891,"Stevenson Ranch, CA"
1892,"Stevens Point, WI"
1893,"Stevensville, MD"
1894,"Stillwater, OK"
1895,"St. Inigoes, MD"
1896,"St. Joseph, MI"
1897,"St. Louis, MO"
1898,"St. Marys, GA"
1899,"Stockton, CA"
1900,"Stone Ridge, NY"
1901,"Stonington, CT"
1902,"Stoughton, MA"
1903,"Stow, OH"
1904,"St. Petersburg, FL"
1905,"St. Peters, MO"
1906,"Stratford, CT"
1907,"Strongsville, OH"
1908,"Stuart, FL"
1909,"Sturtevant, WI"
1910,"Suffield, CT"
1911,"Suffolk, VA"
1912,"Sugar Valley, GA"
1913,"Suisun, CA"
1914,"Sulphur, LA"
1915,"Summersville, WV"
1916,"Summerville, SC"
1917,"Summit, NJ"
1918,"Sumter, SC"
1919,"Sun City, CA"
1920,"Sun City Center, FL"
1921,"Sunnyside, WA"
1922,"Sunnyvale, CA"
1923,"Sunrise, FL"
1924,"Surprise, AZ"
1925,"Susanville, CA"
1926,"Suwanee, GA"
1927,"Swainsboro, GA"
1928,"Swift Creek, VA"
1929,"Swiftwater, PA"
1930,"Sycamore, IL"
1931,"Syracuse, NY"
1932,"Tacoma, WA"
1933,"Tahlequah, OK"
1934,"Tahoe City, CA"
1935,"Talladega, AL"
1936,"Tallahassee, FL"
1937,"Tampa, FL"
1938,"Tarrytown, NY"
1939,"Taunton, MA"
1940,"Temecula, CA"
1941,"Tempe, AZ"
1942,"Terre Haute, IN"
1943,"Tewksbury, MA"
1944,"Texarkana, AR"
1945,"The Bronx, NY"
1946,"The Dalles, OR"
1947,"The Villages, FL"
1948,"The Woodlands, TX"
1949,"Thomaston, CT"
1950,"Thomasville, AL"
1951,"Thomasville, GA"
1952,"Thomasville, NC"
1953,"Thompson, CT"
1954,"Thornton, CO"
1955,"Thousand Oaks, CA"
1956,"Tiffin, OH"
1957,"Tifton, GA"
1958,"Timonium, MD"
1959,"Tinley Park, IL"
1960,"Tinton Falls, NJ"
1961,"Titusville, FL"
1962,"Titusville, NJ"
1963,"Toledo, OH"
1964,"Tolland, CT"
1965,"Toms River, NJ"
1966,"Tooele, UT"
1967,"Topeka, KS"
1968,"Torrance, CA"
1969,"Torrington, CT"
1970,"Totowa, NJ"
1971,"Towson, MD"
1972,"Tracy, CA"
1973,"Traverse City, MI"
1974,"Trenton, MI"
1975,"Trenton, NJ"
1976,"Trevose, PA"
1977,"Troutdale, OR"
1978,"Troy, AL"
1979,"Troy, MI"
1980,"Troy, NY"
1981,"Troy, OH"
1982,"Truckee, CA"
1983,"Trumbull, CT"
1984,"Trussville, AL"
1985,"Tucson, AZ"
1986,"Tukwila, WA"
1987,"Tulalip Bay, WA"
1988,"Tulare, CA"
1989,"Tullahoma, TN"
1990,"Tulsa, OK"
1991,"Tupelo, MS"
1992,"Turlock, CA"
1993,"Tuscaloosa, AL"
1994,"Tuthilltown, NY"
1995,"Twentynine Palms, CA"
1996,"Twin Falls, ID"
1997,"Tysons Corner, VA"
1998,"Ukiah, CA"
1999,"Union, CT"
2000,"Union, NJ"
2001,"Uniontown, OH"
2002,"University Place, WA"
2003,"Upper Alton, IL"
2004,"Upper Saddle River, NJ"
2005,"Urbandale, IA"
2006,"Utica, MI"
2007,"Utica, NY"
2008,"Valdosta, GA"
2009,"Valencia, CA"
2010,"Valhalla, NY"
2011,"Valparaiso, IN"
2012,"Vancouver, WA"
2013,"Vandalia, OH"
2014,"Van Nuys, CA"
2015,"Venice, FL"
2016,"Ventura, CA"
2017,"Vernon, CT"
2018,"Vernon Hills, IL"
2019,"Vero Beach, FL"
2020,"Vicksburg, MS"
2021,"Victor, NY"
2022,"Vienna, VA"
2023,"Villa Park, IL"
2024,"Vincennes, IN"
2025,"Vineland, NJ"
2026,"Virginia Beach, VA"
2027,"Volcano, HI"
2028,"Voluntown, CT"
2029,"Wading River, NY"
2030,"Wahiawā, HI"
2031,"Wailea, HI"
2032,"Wailuku, HI"
2033,"Wakefield, MA"
2034,"Wake Forest, NC"
2035,"Waldorf, MD"
2036,"Walla Walla, WA"
2037,"Wallingford, CT"
2038,"Wallops Island, VA"
2039,"Walnut Creek, CA"
2040,"Waltham, MA"
2041,"Warminster, PA"
2042,"Warner Robins, GA"
2043,"Warren, CT"
2044,"Warren, MI"
2045,"Warren, NJ"
2046,"Warren, OH"
2047,"Warrensburg, MO"
2048,"Wasco, CA"
2049,"Washington, CT"
2050,"Washington, DC"
2051,"Washington, MI"
2052,"Washington, UT"
2053,"Washougal, WA"
2054,"Watchung, NJ"
2055,"Waterbury, CT"
2056,"Waterbury, VT"
2057,"Waterford, CT"
2058,"Waterford, MI"
2059,"Waterloo, IA"
2060,"Watertown, CT"
2061,"Watertown, NY"
2062,"Watertown, SD"
2063,"Waterville, ME"
2064,"Watsonville, CA"
2065,"Waukesha, WI"
2066,"Waunakee, WI"
2067,"Wausau, WI"
2068,"Wauwatosa, WI"
2069,"Wayne, NJ"
2070,"Wayne, PA"
2071,"Webster, MA"
2072,"Weirton Heights, WV"
2073,"Weirton, WV"
2074,"Wellesley, MA"
2075,"Wellington, FL"
2076,"Wenatchee, WA"
2077,"Wesley Chapel, FL"
2078,"West Bend, WI"
2079,"Westborough, MA"
2080,"Westbrook, CT"
2081,"West Caldwell, NJ"
2082,"Westchester, NY"
2083,"West Chester, PA"
2084,"West Dundee, IL"
2085,"Westerly, RI"
2086,"West Fargo, ND"
2087,"Westfield, IN"
2088,"Westfield, MA"
2089,"West Gulfport, MS"
2090,"West Hartford, CT"
2091,"West Haven, CT"
2092,"West Hollywood, CA"
2093,"West Lafayette, IN"
2094,"Westlake, OH"
2095,"Westlake, TX"
2096,"Westlake Village, CA"
2097,"Westland, MI"
2098,"West Milford, NJ"
2099,"Westminster, CO"
2100,"Westminster, MD"
2101,"West Odessa, TX"
2102,"Weston, CT"
2103,"Weston, FL"
2104,"Weston, MA"
2105,"West Palm Beach, FL"
2106,"Westport, CT"
2107,"West Sacramento, CA"
2108,"West Springfield, MA"
2109,"West Torrington, CT"
2110,"West Valley City, UT"
2111,"Westwood, MA"
2112,"Wethersfield, CT"
2113,"Wexford, PA"
2114,"Wheaton, IL"
2115,"Wheeling, WV"
2116,"Whippany, NJ"
2117,"White Lake, MI"
2118,"White Marsh, MD"
2119,"White Plains, NY"
2120,"White River Junction, VT"
2121,"White Settlement, TX"
2122,"Whitestown, IN"
2123,"White, TX"
2124,"Wichita, KS"
2125,"Wildomar, CA"
2126,"Wildwood, MO"
2127,"Williams Bay, WI"
2128,"Williamsburg, VA"
2129,"Williamsport, PA"
2130,"Williamstown, NJ"
2131,"Willington, CT"
2132,"Williston, ND"
2133,"Willmar, MN"
2134,"Wilmette, IL"
2135,"Wilmington, DE"
2136,"Wilmington, MA"
2137,"Wilmington, NC"
2138,"Wilmont, MN"
2139,"Wilson, NC"
2140,"Wilton, CT"
2141,"Winchester, CT"
2142,"Winchester, KY"
2143,"Winchester, VA"
2144,"Winder, GA"
2145,"Windham, CT"
2146,"Windsor, CA"
2147,"Windsor, CT"
2148,"Windsor Locks, CT"
2149,"Winona, MN"
2150,"Winston Salem, NC"
2151,"Winter Gardens, CA"
2152,"Winter Haven, FL"
2153,"Winter Park, FL"
2154,"Wisconsin Rapids, WI"
2155,"Woburn, MA"
2156,"Wolcott, CT"
2157,"Woodbridge, CT"
2158,"Woodbridge, NJ"
2159,"Woodbridge, VA"
2160,"Woodburn, OR"
2161,"Woodbury, CT"
2162,"Woodbury, MN"
2163,"Woodcliff Lake, NJ"
2164,"Woodinville, WA"
2165,"Woodland, CA"
2166,"Woodland Hills, CA"
2167,"Woodmere, OH"
2168,"Woodstock, CT"
2169,"Woodstock, IL"
2170,"Woonsocket, RI"
2171,"Wooster, OH"
2172,"Worcester, MA"
2173,"Worthington, OH"
2174,"Wrentham, MA"
2175,"Wyandotte, MI"
2176,"Wyoming, MI"
2177,"Wyomissing, PA"
2178,"Xenia, OH"
2179,"Yakima, WA"
2180,"Yonkers, NY"
2181,"York, PA"
2182,"Youngstown, OH"
2183,"Ypsilanti, MI"
2184,"Yuba City, CA"
2185,"Yucca Valley, CA"
2186,"Yukon, OK"
2187,"Yuma, AZ"
2188,"Zachary, LA"
2189,"Zanesville, OH"
2190,"Zionsville, IN"
